                  epoch,         train/box_loss,         train/cls_loss,         train/dfl_loss,   metrics/precision(B),      metrics/recall(B),       metrics/mAP50(B),    metrics/mAP50-95(B),           val/box_loss,           val/cls_loss,           val/dfl_loss,                 lr/pg0,                 lr/pg1,                 lr/pg2
                      1,                 2.0754,                 6.5705,                  2.837,                0.00093,                0.06365,                 0.0034,                0.00189,                 1.6185,                 5.2463,                 2.2844,              0.0033329,              0.0033329,              0.0033329
                      2,                 1.3592,                 5.6757,                 1.8579,                0.00333,                0.33983,                0.02561,                0.01762,                 1.3924,                 4.5816,                  1.916,              0.0065342,              0.0065342,              0.0065342
                      3,                 1.3014,                 5.1054,                 1.7193,                0.00482,                0.51476,                0.05612,                0.03956,                 1.3535,                 4.2281,                 1.8255,              0.0096036,              0.0096036,              0.0096036
                      4,                 1.2723,                 4.6597,                 1.6649,                0.82442,                0.04761,                0.08528,                0.06074,                 1.3179,                 3.9155,                 1.7703,               0.009406,               0.009406,               0.009406
                      5,                 1.2257,                 4.4184,                 1.6256,                  0.872,                0.03463,                0.09914,                0.07097,                 1.2812,                  3.782,                 1.7314,               0.009406,               0.009406,               0.009406
